team_gen_id,number of years,avg(cyclists in team),std(cyclists in team),avg(cyclists in strava),std(cyclists in strava),avg(cyclists in team in strava),std(cyclists in team in strava),number of stages,number of races,number of stages per year,number of races per year
54731,13,27.38,1.39,11.77,4.04,43%,0.13,3700,1564,284.62,120.31
71970,13,32,1.35,17.62,8.01,55%,0.25,3243,1356,249.46,104.31
87836,13,22.15,1.72,7.69,3.97,34%,0.16,2268,730,174.46,56.15
97090,12,29.83,1.53,13.33,4.25,44%,0.13,2049,790,170.75,65.83
73390,1,9,,1,,11%,,170,33,170,33
23688,13,28.77,1.59,15.69,4.66,54%,0.15,2079,977,159.92,75.15
63144,13,30.08,1.75,9.15,3.48,30%,0.12,1951,589,150.08,45.31
47659,13,29.69,1.49,12.23,5.53,41%,0.18,1889,761,145.31,58.54
88358,11,28.82,2.82,17.64,4.39,61%,0.13,1520,589,138.18,53.55
49175,10,30.2,2.57,8.1,5.61,28%,0.22,1363,596,136.3,59.6
43723,13,29.23,1.59,14.38,6.68,50%,0.24,1578,693,121.38,53.31
63626,13,23.77,4.71,10,4.38,40%,0.12,1531,662,117.77,50.92
50035,13,30.85,2.03,18.54,4.65,60%,0.15,1528,605,117.54,46.54
97010,3,15.67,0.58,6,2.65,39%,0.17,351,87,117,29
78981,13,29.69,2.06,15.46,5.39,52%,0.16,1362,462,104.77,35.54
39327,4,25.25,2.63,0.5,1,2%,0.04,360,132,90,33
64403,13,28.69,1.18,17.69,3.79,62%,0.14,1150,443,88.46,34.08
96098,13,22.69,1.49,12.08,3.64,54%,0.18,1146,625,88.15,48.08
2829,13,24.54,4.2,10.54,6.73,41%,0.23,1073,566,82.54,43.54
27461,11,22,2.61,8.82,4.67,40%,0.21,839,398,76.27,36.18
83675,8,25.38,7.54,16.62,8.65,61%,0.22,573,220,71.62,27.5
68702,13,12.08,1.19,4.15,2.23,35%,0.2,920,393,70.77,30.23
10488,11,25.36,5.75,11.09,5.26,42%,0.16,749,258,68.09,23.45
78555,1,10,,1,,10%,,68,11,68,11
66560,13,30.31,1.93,13.69,5.42,45%,0.17,882,320,67.85,24.62
14288,13,18.85,2.58,2.85,1.46,15%,0.08,882,320,67.85,24.62
80318,13,27,2.55,10.08,3.23,38%,0.12,863,397,66.38,30.54
22664,2,16,0,6,0,38%,0,128,40,64,20
46859,5,17.4,4.56,4.2,2.59,22%,0.1,309,119,61.8,23.8
83737,13,10.77,1.09,2.31,1.6,21%,0.14,793,351,61,27
3221,4,27,2.71,9,2.58,33%,0.07,242,98,60.5,24.5
42223,13,28.77,2.17,14.23,4.62,49%,0.16,783,290,60.23,22.31
11358,13,23,5.28,12,7.92,48%,0.25,769,374,59.15,28.77
30234,11,28.45,1.37,11.91,3.21,42%,0.11,649,254,59,23.09
74887,13,19.31,2.84,10.46,3.78,55%,0.21,752,300,57.85,23.08
58612,3,21,4.36,2.67,0.58,12%,0.01,172,71,57.33,23.67
69703,13,12.23,1.83,3.69,2.56,33%,0.23,735,334,56.54,25.69
64725,9,18.33,3.5,2.56,2.24,15%,0.14,506,197,56.22,21.89
46713,6,28.5,2.07,13.17,1.72,46%,0.06,329,98,54.83,16.33
3776,3,19.67,3.06,0.33,0.58,1%,0.02,162,81,54,27
3051,3,19.67,0.58,4,2,20%,0.1,162,63,54,21
26001,5,19,1.22,10.6,2.07,56%,0.12,270,146,54,29.2
52016,4,29.75,2.99,8.75,3.3,29%,0.1,213,97,53.25,24.25
51389,4,14.25,0.5,1.5,0.58,10%,0.04,213,61,53.25,15.25
53111,13,21.62,2.14,7.08,4.55,33%,0.22,683,274,52.54,21.08
21524,10,10.2,1.14,1.5,0.97,15%,0.1,520,140,52,14
33629,4,24.5,1.91,4.75,2.22,19%,0.09,198,84,49.5,21
23222,5,13.4,1.67,6,2.12,44%,0.13,235,40,47,8
16831,12,17.75,3.36,5.67,5.05,28%,0.24,559,295,46.58,24.58
22706,13,30.31,1.25,13.08,6.25,44%,0.22,595,200,45.77,15.38
13663,4,13.5,0.58,4.5,1.73,33%,0.13,180,88,45,22
67612,13,10.85,1.41,1.15,0.9,11%,0.1,580,90,44.62,6.92
66815,8,14.62,2,1.38,1.41,9%,0.09,352,88,44,11
17971,3,17.33,1.53,7,1,41%,0.09,129,27,43,9
42333,11,11.91,1.97,2.09,1.76,17%,0.14,473,110,43,10
24458,13,15.85,4.36,6.31,5.22,36%,0.23,559,227,43,17.46
46870,9,16.11,1.27,2.67,1.66,16%,0.1,383,144,42.56,16
44005,5,11.2,2.17,0,0,0%,0,210,70,42,14
38869,13,13.85,1.82,0.46,0.52,4%,0.04,531,267,40.85,20.54
45227,2,12,1.41,6,1.41,50%,0.06,80,36,40,18
79912,13,16.85,9.32,11.31,9.44,60%,0.18,499,213,38.38,16.38
69656,11,13.18,1.66,1.64,1.29,12%,0.1,418,198,38,18
73134,11,17.3,6.55,7,6.48,33%,0.24,405,153,36.82,13.91
89092,13,9.58,1,0,0,0%,0,476,168,36.62,12.92
35376,6,10.67,1.21,1.33,0.52,12%,0.03,216,42,36,7
33103,11,18.45,4.44,6.55,3.93,33%,0.15,388,155,35.27,14.09
98942,11,18.27,5.16,5.73,3.55,30%,0.14,385,217,35,19.73
98757,12,14.75,1.91,3.08,1.83,20%,0.11,412,99,34.33,8.25
65680,8,11.86,1.46,2.43,1.27,21%,0.11,265,55,33.12,6.88
63438,10,17.9,3.45,5.4,4.65,27%,0.22,328,121,32.8,12.1
50416,13,13.77,1.01,0.15,0.38,1%,0.03,417,225,32.08,17.31
7147,3,19.33,6.51,1.33,0.58,8%,0.04,93,37,31,12.33
1261,13,15.54,2.54,0,0,0%,0,402,137,30.92,10.54
23267,12,16.91,1.76,2.64,3.14,16%,0.2,370,238,30.83,19.83
79486,5,24.6,1.95,13.2,1.79,54%,0.07,153,82,30.6,16.4
25278,9,17.33,0.71,2.78,0.97,16%,0.06,272,132,30.22,14.67
53918,4,15.75,0.5,3.25,1.71,20%,0.11,120,100,30,25
95525,11,15,2.53,0,0,0%,0,322,160,29.27,14.55
56860,5,17,4.74,5.6,3.21,31%,0.09,146,60,29.2,12
29063,6,18.33,1.97,0.83,0.75,5%,0.04,174,108,29,18
84397,2,30.5,2.12,11,2.83,36%,0.07,58,30,29,15
31582,4,4.75,2.36,1,0.82,23%,0.16,116,16,29,4
14075,12,17.58,2.19,2.08,1.93,12%,0.1,340,149,28.33,12.42
31674,6,14.83,3.87,0.17,0.41,1%,0.03,168,54,28,9
77437,4,16.75,1.5,5.75,3.4,34%,0.21,112,60,28,15
98056,13,11,2.27,0.15,0.38,1%,0.04,364,78,28,6
67331,12,24.17,2.33,6.75,4.18,28%,0.18,335,155,27.92,12.92
36041,4,24,0.82,1.25,0.96,5%,0.04,110,50,27.5,12.5
88601,5,17,3,5.6,1.95,32%,0.06,136,53,27.2,10.6
45668,4,16.25,2.63,5.25,1.89,32%,0.09,108,80,27,20
47821,3,13.67,2.08,8.67,1.15,64%,0.03,81,27,27,9
47801,6,15.83,1.33,0.17,0.41,1%,0.02,162,57,27,9.5
91387,11,13.73,1.19,2.73,1.56,20%,0.11,293,159,26.64,14.45
58065,2,11,1.41,4,0,36%,0.05,52,16,26,8
4741,1,23,,3,,13%,,26,8,26,8
77619,13,13.62,1.94,0.38,0.65,3%,0.05,329,104,25.31,8
48192,13,15.15,1.95,2.54,2.03,17%,0.12,328,229,25.23,17.62
4573,13,10.8,0.79,2,1.05,19%,0.11,325,50,25,3.85
35253,6,17,2,2,2.1,11%,0.11,150,80,25,13.33
10669,6,13.83,2.99,1.33,0.82,9%,0.06,150,36,25,6
32396,13,12.54,2.11,0.62,0.65,6%,0.06,322,122,24.77,9.38
74559,13,17.85,2.12,7.85,6.82,44%,0.38,319,110,24.54,8.46
17000,12,2.42,1.08,0,0,0%,0,294,48,24.5,4
69209,7,15.29,3.45,1.71,1.89,10%,0.1,171,39,24.43,5.57
96538,13,2,1.18,0.73,0.47,55%,0.42,311,123,23.92,9.46
40796,7,29.43,2.51,6.71,2.81,23%,0.09,166,57,23.71,8.14
83958,6,14.17,3.82,2.5,0.55,19%,0.07,141,36,23.5,6
14513,13,12.09,1.38,1.73,1.1,14%,0.09,305,48,23.46,3.69
91146,1,11,,3,,27%,,23,14,23,14
25902,1,11,,3,,27%,,23,5,23,5
15334,3,14.33,2.08,1.33,0.58,9%,0.04,69,9,23,3
16865,4,19.75,1.5,3.25,0.96,16%,0.05,92,56,23,14
58956,11,16.27,0.65,3,1.79,19%,0.11,251,143,22.82,13
81103,9,12.33,2.06,4.33,1.8,37%,0.19,203,83,22.56,9.22
87680,5,29.8,1.3,9,3.54,30%,0.13,112,63,22.4,12.6
45641,3,13.33,2.08,4.33,1.15,32%,0.05,67,17,22.33,5.67
27638,1,10,,2,,20%,,22,14,22,14
5628,8,11.38,1.06,0.62,0.74,6%,0.07,176,64,22,8
86508,5,11.2,0.84,3.6,2.7,32%,0.22,109,11,21.8,2.2
92623,13,12.69,1.44,0,0,0%,0,283,100,21.77,7.69
46987,6,18.5,0.84,4.33,4.5,23%,0.24,130,84,21.67,14
99504,13,10.75,0.75,1.25,1.22,12%,0.11,281,35,21.62,2.69
26569,10,13.22,1.72,5.44,2.19,42%,0.19,214,31,21.4,3.1
90047,4,13.25,2.22,0,0,0%,0,84,22,21,5.5
20583,7,15.57,1.62,7.86,1.57,51%,0.11,147,106,21,15.14
80488,8,11.38,0.92,1.5,0.76,13%,0.07,168,32,21,4
21836,1,18,,2,,11%,,21,6,21,6
19003,9,17.89,0.93,0.44,0.53,3%,0.03,189,105,21,11.67
22694,3,10.67,1.15,2.33,0.58,22%,0.03,60,9,20,3
98354,4,14.25,3.95,3,1.83,22%,0.16,79,40,19.75,10
5716,5,12.2,1.92,3.6,1.67,30%,0.15,97,11,19.4,2.2
99056,7,19.43,2.51,9.57,1.99,49%,0.08,134,49,19.14,7
14629,8,15.43,2.57,2.57,0.53,17%,0.06,147,46,18.38,5.75
80026,7,12.57,1.13,3.14,1.35,25%,0.1,126,77,18,11
98794,6,2.67,0.52,0,0,0%,0,108,18,18,3
93484,6,2.33,1.37,0,0,0%,0,108,18,18,3
27148,13,11.31,1.49,3.23,1.69,28%,0.14,227,75,17.46,5.77
43059,11,1.44,0.53,0,0,0%,0,191,47,17.36,4.27
48861,4,15.75,0.5,1,1.15,6%,0.07,69,32,17.25,8
93805,5,11.4,1.95,5.2,1.64,45%,0.08,85,15,17,3
46135,1,1,,1,,100%,,17,3,17,3
48556,1,9,,1,,11%,,17,3,17,3
38586,13,12,1.22,0.46,0.52,4%,0.04,219,58,16.85,4.46
75940,6,13.5,1.22,4.5,2.07,34%,0.15,100,56,16.67,9.33
83700,6,10.33,1.03,0,0,0%,0,100,18,16.67,3
4996,10,15.9,1.73,3.2,1.62,20%,0.11,165,65,16.5,6.5
1840,7,12.86,5.37,0.43,0.53,3%,0.04,115,57,16.43,8.14
98958,6,17.5,2.07,3,2.68,16%,0.13,96,32,16,5.33
41584,1,3,,1,,33%,,16,4,16,4
39444,3,9.33,0.58,0,0,0%,0,48,15,16,5
25315,4,10.5,1.29,1.75,0.96,16%,0.08,63,9,15.75,2.25
27974,9,18,2,2.22,1.39,13%,0.09,141,68,15.67,7.56
84124,3,14.67,3.21,5.67,2.08,38%,0.11,47,16,15.67,5.33
94427,6,13.83,1.83,2.5,1.22,19%,0.1,93,54,15.5,9
14645,5,17.4,3.36,5.6,3.36,33%,0.23,77,66,15.4,13.2
7734,6,10.83,0.75,2,0.63,18%,0.05,92,22,15.33,3.67
50734,9,15.44,2.55,2.33,1.58,16%,0.12,136,92,15.11,10.22
26145,1,26,,3,,12%,,15,8,15,8
60711,1,5,,0,,0%,,15,3,15,3
46756,2,13,2.83,4.5,0.71,34%,0.02,30,10,15,5
7055,4,15.25,0.96,2.25,1.26,15%,0.09,60,16,15,4
70740,10,2.2,0.79,0,0,0%,0,150,20,15,2
16912,7,13.71,1.5,6.71,2.87,48%,0.17,105,23,15,3.29
29326,1,14,,2,,14%,,15,5,15,5
66225,2,13,1.41,0,0,0%,0,30,12,15,6
48056,3,13.67,2.08,2.67,2.08,19%,0.12,45,18,15,6
3809,1,14,,0,,0%,,15,3,15,3
67887,2,11.5,2.12,3,1.41,26%,0.08,30,6,15,3
50118,4,11.25,1.5,0.5,0.58,4%,0.05,59,13,14.75,3.25
67649,8,1.62,0.74,0.38,0.52,19%,0.26,113,32,14.12,4
49748,2,1,0,0.5,0.71,50%,0.71,28,10,14,5
42674,2,18,1.41,0.5,0.71,3%,0.04,28,4,14,2
64891,13,9.15,0.99,0.62,0.87,7%,0.09,182,52,14,4
48377,8,12.25,2.25,0,0,0%,0,112,16,14,2
47652,1,16,,1,,6%,,14,2,14,2
49977,8,9.5,0.76,0.88,1.13,10%,0.14,112,64,14,8
69036,2,5.5,0.71,1.5,0.71,29%,0.16,28,8,14,4
20444,2,12,0,0,0,0%,0,28,7,14,3.5
77174,2,15,1.41,2.5,0.71,16%,0.04,28,6,14,3
66365,4,14.25,3.77,1,0.82,6%,0.06,56,16,14,4
91781,3,15.67,0.58,1.67,1.15,11%,0.07,42,39,14,13
40249,13,15.23,1.69,2.08,1.32,14%,0.08,181,99,13.92,7.62
39376,13,11.62,1.61,3,1.63,26%,0.14,180,43,13.85,3.31
12289,2,26.5,0.71,4.5,2.12,17%,0.08,27,20,13.5,10
48245,1,16,,4,,25%,,13,13,13,13
19377,4,11.5,1.73,0,0,0%,0,52,34,13,8.5
19825,8,13.25,1.28,0.5,0.53,4%,0.04,104,24,13,3
77148,3,12.67,4.51,1,0,9%,0.03,39,20,13,6.67
92802,9,2.67,1.41,0,0,0%,0,117,36,13,4
56739,4,17,0.82,1.75,0.96,10%,0.06,52,44,13,11
61727,13,14.54,2.26,5.38,5.27,35%,0.31,165,79,12.69,6.08
52856,4,17.25,0.5,4.25,2.22,25%,0.13,50,27,12.5,6.75
53161,11,14.1,1.79,8,1.49,57%,0.09,136,34,12.36,3.09
89655,13,11.33,1.44,5.67,2.27,51%,0.22,157,53,12.08,4.08
63229,1,15,,1,,7%,,12,4,12,4
6590,4,10.75,1.26,1,0,9%,0.01,48,32,12,8
61690,13,10.69,3.61,0.92,0.95,12%,0.15,156,39,12,3
45398,4,11.5,1,1.75,0.5,16%,0.05,48,8,12,2
38663,1,6,,0,,0%,,12,9,12,9
29677,2,16.5,0.71,2,1.41,12%,0.08,24,10,12,5
29438,3,4,1,1,0,26%,0.07,36,9,12,3
3372,1,10,,2,,20%,,12,2,12,2
1050,13,12.08,1.31,0.25,0.45,2%,0.04,156,58,12,4.46
42089,2,17,2.83,1,1.41,6%,0.08,24,4,12,2
23653,3,16.67,3.21,2.33,1.15,14%,0.05,35,13,11.67,4.33
65551,5,12.6,0.89,2.4,0.89,19%,0.07,58,34,11.6,6.8
25419,7,13,0.82,5.14,2.04,40%,0.17,81,42,11.57,6
42075,3,19,0,0.33,0.58,2%,0.03,34,20,11.33,6.67
57972,6,17,4.34,4.17,2.48,28%,0.21,67,45,11.17,7.5
53632,5,12,3.16,3.25,1.71,26%,0.1,55,14,11,2.8
42695,8,12.62,1.92,0.12,0.35,1%,0.02,88,34,11,4.25
81231,1,16,,3,,19%,,11,7,11,7
31384,5,11.4,2.61,2.6,1.52,22%,0.09,54,12,10.8,2.4
82389,4,13.75,1.26,2.25,0.96,16%,0.08,43,19,10.75,4.75
41875,9,15.33,2,4.11,2.37,28%,0.19,95,36,10.56,4
61206,13,12.2,2.04,0.6,0.84,5%,0.08,136,29,10.46,2.23
73642,8,13.88,2.42,1.62,1.92,12%,0.15,83,36,10.38,4.5
87314,11,14.36,1.75,2.09,1.81,15%,0.12,113,71,10.27,6.45
14080,4,13.25,1.89,0.5,1,4%,0.08,41,16,10.25,4
41145,5,11.6,1.52,6.6,3.05,56%,0.18,51,51,10.2,10.2
19297,6,15,2.92,2.6,2.88,15%,0.16,61,13,10.17,2.17
32093,3,12.33,3.21,1.33,0.58,11%,0.06,30,5,10,1.67
97871,6,13.17,0.75,0,0,0%,0,60,6,10,1
34036,13,9.38,1.33,0.23,0.44,2%,0.04,130,65,10,5
33328,4,15.5,1.91,1,1.41,7%,0.09,40,4,10,1
91870,3,4.67,1.15,0,0,0%,0,30,6,10,2
50675,2,14.5,2.12,1.5,0.71,10%,0.03,20,20,10,10
23627,4,15.25,1.26,5.75,0.5,38%,0.05,40,12,10,3
29947,3,14.33,4.73,1,0,8%,0.03,30,3,10,1
27868,3,5.67,0.58,3,1,52%,0.14,30,6,10,2
71060,2,13,1.41,7,2.83,53%,0.16,20,6,10,3
22187,2,27.5,0.71,6.5,0.71,24%,0.02,20,12,10,6
56423,6,11.83,2.14,0.83,0.75,7%,0.06,58,10,9.67,1.67
35004,2,20.5,0.71,1,0,5%,0,19,7,9.5,3.5
80647,8,16.12,3,2.62,1.3,15%,0.06,76,19,9.5,2.38
65363,13,11.31,2.32,0.31,0.48,3%,0.04,123,22,9.46,1.69
17081,5,16.2,1.92,4.2,2.17,27%,0.16,46,22,9.2,4.4
61726,3,14,3,1,1,8%,0.07,27,6,9,2
94124,1,1,,0,,0%,,9,3,9,3
80168,4,7,1.41,1.25,0.96,18%,0.13,36,5,9,1.25
91853,1,14,,5,,36%,,9,4,9,4
1010,2,12.5,0.71,0,0,0%,0,18,4,9,2
16538,2,15.5,0.71,4.5,0.71,29%,0.06,18,8,9,4
22056,1,16,,0,,0%,,9,3,9,3
44988,5,13,0.71,0.8,0.84,6%,0.06,44,13,8.8,2.6
95613,3,5.5,0.71,0.5,0.71,8%,0.12,26,8,8.67,2.67
97348,8,16.88,1.73,2.12,1.73,13%,0.11,69,61,8.62,7.62
76442,13,12.22,4.12,1.56,1.01,11%,0.07,111,28,8.54,2.15
19304,4,11.25,0.5,1.75,1.5,15%,0.13,34,7,8.5,1.75
92153,4,13.75,2.22,2,0.82,15%,0.07,34,14,8.5,3.5
71967,4,13.5,2.38,0.25,0.5,2%,0.04,34,8,8.5,2
29054,2,6,4.24,1,0,22%,0.16,17,8,8.5,4
95325,2,15,1.41,2,0,13%,0.01,17,14,8.5,7
71860,12,2,1.26,0.33,0.82,17%,0.41,100,19,8.33,1.58
39588,4,12.67,2.08,0,0,0%,0,33,3,8.25,0.75
61640,9,12.14,1.68,0,0,0%,0,74,33,8.22,3.67
50014,9,17.67,3.91,0.11,0.33,1%,0.02,74,62,8.22,6.89
58572,6,14.17,5.64,0.5,0.84,6%,0.1,49,16,8.17,2.67
70514,5,15,2.45,0.8,0.84,5%,0.05,40,10,8,2
4296,3,11,1,4.67,1.15,42%,0.07,24,5,8,1.67
75442,4,15.67,1.15,2,0,13%,0.01,32,6,8,1.5
18632,4,24,2.16,2.5,1.29,11%,0.06,32,18,8,4.5
92580,3,12.67,3.06,1,0,8%,0.02,24,5,8,1.67
77366,11,11.73,0.9,0.36,0.5,3%,0.04,88,88,8,8
16816,1,11,,1,,9%,,8,1,8,1
41047,3,8.67,2.31,0,0,0%,0,24,3,8,1
58021,5,17,2.12,0.4,0.55,2%,0.03,40,30,8,6
51602,2,10,0,0,0,0%,0,16,10,8,5
9859,1,7,,4,,57%,,8,1,8,1
64928,6,17,3.74,0.83,0.75,5%,0.04,47,29,7.83,4.83
6521,6,13.2,1.92,2.8,2.17,20%,0.14,47,25,7.83,4.17
90199,4,12.25,0.96,1.25,0.5,10%,0.03,31,22,7.75,5.5
76869,13,12.83,2.21,2.08,1.38,17%,0.12,100,36,7.69,2.77
85495,5,12.4,2.07,2.6,1.34,20%,0.08,38,30,7.6,6
79034,4,12.75,1.5,0,0,0%,0,30,14,7.5,3.5
13112,9,12.43,2.44,2,1.83,16%,0.15,65,12,7.22,1.33
42104,7,15.67,4.63,3.67,1.75,25%,0.13,50,30,7.14,4.29
78920,1,12,,0,,0%,,7,1,7,1
5019,5,13.6,2.07,1.2,0.84,8%,0.05,35,5,7,1
8892,3,17,1,1.67,1.15,10%,0.06,21,14,7,4.67
7550,2,11.5,2.12,0,0,0%,0,14,4,7,2
25592,3,10.33,0.58,0.33,0.58,3%,0.06,21,3,7,1
4813,1,8,,0,,0%,,7,1,7,1
70685,1,1,,0,,0%,,7,2,7,2
47435,4,14.75,0.96,3.25,1.71,22%,0.12,28,12,7,3
54009,1,3,,1,,33%,,7,1,7,1
16735,6,4.17,1.72,0.5,0.55,11%,0.12,42,6,7,1
27959,1,12,,5,,42%,,7,1,7,1
80588,1,9,,0,,0%,,7,1,7,1
58877,1,27,,6,,22%,,7,3,7,3
42859,10,13.8,1.32,2.9,1.91,21%,0.13,69,37,6.9,3.7
13725,8,12.88,2.1,2.75,1.58,20%,0.11,55,15,6.88,1.88
83110,5,2.2,0.84,0,0,0%,0,34,5,6.8,1
64191,10,10,2.31,2.5,1.78,26%,0.19,66,24,6.6,2.4
44790,11,1.29,0.76,0,0,0%,0,72,22,6.55,2
81036,2,15.5,2.12,2.5,0.71,16%,0.06,13,3,6.5,1.5
22053,4,9.5,4.51,0.25,0.5,3%,0.06,26,11,6.5,2.75
83932,2,1,0,0,0,0%,0,13,6,6.5,3
90251,2,16.5,0.71,1,1.41,6%,0.08,13,6,6.5,3
93937,11,15.7,1.64,3.9,1.45,24%,0.08,71,47,6.45,4.27
45418,10,12.5,0.71,3.1,3.25,26%,0.29,63,33,6.3,3.3
18298,7,12.86,1.57,1.14,0.38,9%,0.04,44,14,6.29,2
67039,13,10.88,1.46,2.12,1.46,21%,0.14,81,23,6.23,1.77
6583,2,13,0,2,0,15%,0,12,2,6,1
88968,1,2,,1,,50%,,6,1,6,1
9662,1,14,,3,,21%,,6,5,6,5
15044,1,11,,0,,0%,,6,1,6,1
12616,5,13.2,0.84,3.4,2.07,26%,0.18,30,30,6,6
20379,1,11,,0,,0%,,6,1,6,1
17401,7,11.43,0.98,2.71,1.6,23%,0.13,42,24,6,3.43
19971,2,15,2.83,3.5,0.71,24%,0.01,12,4,6,2
92320,1,14,,2,,14%,,6,1,6,1
78576,1,14,,1,,7%,,6,1,6,1
21464,3,13,3.61,1.33,1.15,9%,0.08,18,3,6,1
76081,1,8,,0,,0%,,6,1,6,1
82406,1,11,,1,,9%,,6,1,6,1
79948,2,16,1.41,2.5,0.71,16%,0.04,12,6,6,3
99984,2,15,5.66,0.5,0.71,2%,0.04,12,2,6,1
1652,1,4,,0,,0%,,6,1,6,1
53984,1,2,,0,,0%,,6,2,6,2
65996,1,5,,1,,20%,,6,1,6,1
59182,2,9,2.83,0,0,0%,0,12,2,6,1
34319,1,9,,1,,11%,,6,1,6,1
52402,1,9,,0,,0%,,6,1,6,1
97642,4,12.5,1,3.75,1.71,30%,0.12,24,12,6,3
62612,5,12.6,1.67,3.4,0.55,27%,0.04,30,15,6,3
33683,1,5,,2,,40%,,6,1,6,1
31241,1,2,,0,,0%,,6,2,6,2
30063,6,12.67,1.75,1.17,0.75,9%,0.06,34,34,5.67,5.67
92366,3,16.33,1.53,3,1,18%,0.05,17,13,5.67,4.33
24122,5,11.8,0.84,1.8,1.1,15%,0.09,28,28,5.6,5.6
55675,6,1,0,0.33,0.58,33%,0.58,33,10,5.5,1.67
93583,4,15.25,1.71,3.75,0.5,25%,0.05,22,18,5.5,4.5
78762,2,15,5.66,1.5,0.71,10%,0.01,11,3,5.5,1.5
44841,10,11.8,1.48,0.2,0.45,2%,0.04,55,15,5.5,1.5
63909,5,10.2,2.17,0.4,0.89,3%,0.07,27,13,5.4,2.6
28130,3,13.33,2.31,2,1,15%,0.06,16,16,5.33,5.33
81535,4,19.75,1.5,2,0.82,10%,0.03,21,11,5.25,2.75
49363,5,12.2,0.45,0,0,0%,0,26,13,5.2,2.6
38517,8,13.43,0.98,4.29,2.98,33%,0.24,41,17,5.12,2.12
50128,10,15.67,3.04,1.56,1.01,11%,0.08,51,24,5.1,2.4
20104,1,16,,3,,19%,,5,5,5,5
4317,1,4,,0,,0%,,5,1,5,1
1161,1,9,,0,,0%,,5,1,5,1
92886,1,13,,1,,8%,,5,2,5,2
39538,3,12.33,2.08,1.33,0.58,12%,0.07,15,5,5,1.67
98888,2,15,1.41,1.5,0.71,10%,0.04,10,2,5,1
97722,2,11.5,4.95,3,2.83,22%,0.15,10,2,5,1
5700,1,5,,2,,40%,,5,1,5,1
52978,4,11.5,1.29,0.5,0.58,4%,0.05,20,4,5,1
15319,1,1,,0,,0%,,5,1,5,1
72043,7,18.8,3.35,1,1,5%,0.05,35,8,5,1.14
33665,2,15,1.41,5,1.41,34%,0.06,10,2,5,1
55836,1,1,,0,,0%,,5,2,5,2
74594,1,12,,0,,0%,,5,1,5,1
25285,1,3,,0,,0%,,5,1,5,1
96450,1,1,,0,,0%,,5,1,5,1
12706,13,10.38,1.39,0.54,0.88,5%,0.08,63,31,4.85,2.38
61921,5,15.2,1.92,3.8,1.3,25%,0.06,24,13,4.8,2.6
99740,3,5.67,1.53,0,0,0%,0,14,6,4.67,2
57784,3,14.67,1.53,0,0,0%,0,14,14,4.67,4.67
87943,8,11.33,2.25,0,0,0%,0,36,6,4.5,0.75
80944,6,11.5,1.38,2.5,1.22,22%,0.11,26,6,4.33,1
88942,4,12.25,1.89,0.5,0.58,4%,0.05,17,13,4.25,3.25
78575,5,12.8,3.96,3,1.22,26%,0.14,21,11,4.2,2.2
98236,6,14.6,2.97,1.8,1.64,12%,0.11,25,9,4.17,1.5
87214,6,17.8,2.05,9.2,3.11,51%,0.11,25,15,4.17,2.5
82452,2,7.5,2.12,0,0,0%,0,8,3,4,1.5
58568,3,14.67,1.53,1,1,6%,0.06,12,12,4,4
10563,3,15,5,2.67,2.31,16%,0.14,12,4,4,1.33
58592,1,9,,0,,0%,,4,2,4,2
71924,1,1,,0,,0%,,4,1,4,1
86261,1,4,,2,,50%,,4,1,4,1
69612,1,7,,1,,14%,,4,1,4,1
26708,3,15.33,1.53,1,0,7%,0.01,12,12,4,4
23900,1,11,,0,,0%,,4,1,4,1
73028,1,13,,1,,8%,,4,1,4,1
61101,2,11,4.24,0,0,0%,0,8,2,4,1
60788,7,14.14,2.12,3.57,2.37,24%,0.15,27,27,3.86,3.86
5942,5,14.6,0.55,5.2,2.17,36%,0.15,19,9,3.8,1.8
70482,8,11.5,2.39,1.5,0.53,14%,0.07,28,19,3.5,2.38
3741,2,17,2.83,2,2.83,10%,0.15,7,5,3.5,2.5
25911,4,13.75,2.5,5.5,0.58,40%,0.06,13,9,3.25,2.25
82217,4,3,0,1.75,0.5,58%,0.17,12,4,3,1
62456,1,17,,2,,12%,,3,3,3,3
43130,1,1,,1,,100%,,3,1,3,1
21984,1,17,,0,,0%,,3,3,3,3
77629,2,16,1.41,1.5,0.71,10%,0.04,6,2,3,1
35439,1,14,,1,,7%,,3,3,3,3
77266,2,9.5,0.71,3.5,0.71,37%,0.1,6,6,3,3
14468,2,16.5,0.71,3.5,0.71,22%,0.04,6,6,3,3
33839,2,13.5,0.71,5.5,4.95,40%,0.35,6,6,3,3
69732,3,15.67,0.58,1.67,1.15,11%,0.07,9,9,3,3
26928,9,11.5,1.29,1.25,1.5,10%,0.12,26,4,2.89,0.44
37210,4,17,2.16,2.5,1.29,15%,0.08,11,7,2.75,1.75
66401,3,14,1.41,1,1.41,8%,0.11,8,3,2.67,1
53441,9,16.38,3.11,3.5,2,20%,0.1,23,13,2.56,1.44
1475,13,12.1,1.79,4.9,3.84,41%,0.3,33,13,2.54,1
95321,1,14,,2,,14%,,2,2,2,2
70924,2,12,1.41,0,0,0%,0,4,4,2,2
9442,1,14,,0,,0%,,2,2,2,2
25496,1,16,,4,,25%,,2,2,2,2
94177,1,7,,3,,43%,,2,2,2,2
19952,9,12.57,1.4,1.71,1.6,13%,0.13,18,7,2,0.78
14325,1,18,,1,,6%,,2,2,2,2
83415,3,14.5,2.12,0.5,0.71,3%,0.04,6,2,2,0.67
31193,2,10,1.41,0,0,0%,0,4,4,2,2
79180,1,11,,0,,0%,,2,2,2,2
63803,3,14.33,2.08,1.33,0.58,10%,0.06,6,6,2,2
43190,1,6,,0,,0%,,2,2,2,2
16251,2,13.5,3.54,0,0,0%,0,4,4,2,2
15517,1,18,,2,,11%,,2,2,2,2
14828,2,8,1.41,0,0,0%,0,4,4,2,2
22295,2,18,2.83,3,2.83,16%,0.13,4,4,2,2
83857,5,9.8,0.84,0,0,0%,0,9,9,1.8,1.8
77708,4,16.25,1.26,1,0,6%,0.01,7,7,1.75,1.75
23297,3,12.33,1.15,1.33,0.58,11%,0.06,5,5,1.67,1.67
17068,9,10,3,0.33,0.58,3%,0.06,14,3,1.56,0.33
88527,5,11.6,1.34,0.8,0.45,7%,0.04,7,7,1.4,1.4
28885,3,13.33,0.58,4.67,1.53,35%,0.12,4,4,1.33,1.33
98363,2,11,2.83,0,0,0%,0,2,2,1,1
11274,1,10,,1,,10%,,1,1,1,1
44434,1,13,,1,,8%,,1,1,1,1
62170,1,17,,5,,29%,,1,1,1,1
46998,2,12,0,1,0,8%,0,2,2,1,1
3528,2,12,2.83,2,1.41,18%,0.16,2,2,1,1
58755,3,10.67,2.08,0,0,0%,0,3,3,1,1
47849,1,17,,1,,6%,,1,1,1,1
2003,1,15,,1,,7%,,1,1,1,1
11920,5,13.8,2.39,1.2,0.45,9%,0.04,5,5,1,1
57617,1,11,,3,,27%,,1,1,1,1
57172,6,13.5,2.07,0.33,0.52,3%,0.04,6,6,1,1
97842,1,4,,0,,0%,,1,1,1,1
9114,2,15,1.41,1.5,0.71,10%,0.06,2,2,1,1
92822,1,10,,1,,10%,,1,1,1,1
42101,1,16,,3,,19%,,1,1,1,1
39248,3,4.67,0.58,1,0,22%,0.03,3,3,1,1
5512,2,13.5,0.71,0,0,0%,0,2,2,1,1
66326,2,8.5,0.71,2,0,24%,0.02,2,2,1,1
10416,1,18,,0,,0%,,1,1,1,1
70216,4,13,3.74,1,1.15,7%,0.08,4,4,1,1
70600,2,12.5,3.54,5,1.41,40%,0,2,2,1,1
83465,2,16,5.66,1,1.41,5%,0.07,2,2,1,1
81427,2,16,2.83,2,0,12%,0.02,2,2,1,1
73152,3,11,2,2.33,0.58,21%,0.03,3,3,1,1
20088,1,16,,0,,0%,,1,1,1,1
21043,1,1,,0,,0%,,1,1,1,1
74062,1,5,,1,,20%,,1,1,1,1
64672,1,11,,2,,18%,,1,1,1,1
48392,4,9,2,2.67,0.58,31%,0.13,3,3,0.75,0.75
